url,asin,title_optimized,description_optimized,features_optimized,title,description,features,main_image,other_images,product_dimensions,item_weight,price,shipping,category,ratings,reviews,bought_in_past_month,brand,BSR,Date_First_Available,variants,variant_attributes
https://www.amazon.com/dp/B01KHLDIZU,B01KHLDIZU,"Bendix 高级 SBC1363 陶瓷前刹车片 - 适用于凯迪拉克 Escalade, ESV, EXT, XTS, 雪佛兰 Silverado, Tahoe, Suburban, GMC Sierra, Yukon - OE 替换","使用 Bendix 高级陶瓷替换刹车片，提升您的驾驶体验。我们的刹车片专为无缝更换而设计，确保与原厂设备完美贴合。非常适合日常驾驶，提供卓越的制动性能和平稳的行驶体验。适用于多款车型，包括但不限于：

- 凯迪拉克 Escalade (2008-2020)
- 凯迪拉克 Escalade ESV (2008-2020)
- 凯迪拉克 Escalade EXT (2008-2013)
- 凯迪拉克 XTS (2013-2019)
- 雪佛兰 Silverado (2005-2018)
- 雪佛兰 Tahoe (2008-2020)
- GMC Sierra (2007-2018)
- GMC Yukon (2008-2015)

请在购买前使用“亚马逊确认适合”工具确认与您的车辆的兼容性，确保您的安全与满意。","OE 替换: 完美匹配原厂规格，保证适用性、外形与功能。OEM 等效零件编号: 22742382
耐用材料: 采用高品质陶瓷材料，抗磨损与腐蚀，延长使用寿命与可靠性
增强安全性: 设计减少制动褪色，确保一致的制动性能，提高行车安全
广泛适用: 兼容多款车型，包括凯迪拉克 Escalade (2008-2020), 雪佛兰 Silverado (2005-2018), Tahoe (2008-2020), GMC Sierra (2007-2018)等
确认适配性: 使用“亚马逊确认适合”工具，确保与您的车辆兼容，输入车辆信息查看详细备注","Bendix 高级 SBC1363 陶瓷前刹车片适用于凯迪拉克凯雷德、ESV、EXT、XTS、雪佛兰雪崩、Express 1500、Silverado Classic、LD、Suburban、Tahoe、GMC Savana Sierra, 限量版,Y。 UKON,XL,","使用 Bendix 优质陶瓷替换刹车片升级您的骑行体验。 旨在匹配原始设备的贴合、形式和功能,从而实现无缝更换。 非常适合日常驾驶员,这些刹车片提供最佳性能和平稳行驶。仅适用于以下型号:2008-2008 - Cadillac 凯迪拉克 Escalade w/ Hydroboost2009-2020 - Cadillac Escalade 凯迪拉克2008-2008 - Cadillac 凯迪拉克 Escalade ESV w/ Hydroboost2009-2020 - Cadillac 凯迪拉克 Escalade ESV2008-2008 - Cadillac 凯迪拉克 Escalade EXT w/ Hydroboost2009-2013 - Cadillac 凯迪拉克 Escalade EXT2013-2014 - Cadillac XTS w/ GM 刹车代码 J55,带重型制动器2015-2015 - Cadillac XTS w/ 重型制动器,6 个凸耳2017-2019 - Cadillac XTS w/ GM 刹车代码 J55,带重型动力制动器2008 – 2008 – 雪佛兰 Avalanche w/ Hydroboost2009 – 2013 – 雪佛兰雪崩2007 – 2018 – 雪佛兰 Cheyenne2009 – 2014 – 雪佛兰 Express 15002005 – 2009 – 雪佛兰 Silverado 1500 w/ Hydroboost2010 – 2018 – 雪佛兰 Silverado 15002007 – 2007 – 雪佛兰 Silverado 1500 经典款 w/ Hydroboost2019 – 2019 – 雪佛兰 Silverado 1500 LD2014 – 2020 – 雪佛兰 Suburban2007-2008 – 雪佛兰 Suburban 1500 5.3L,6.0L w/ Hydroboost2009 – 2014 – 雪佛兰 Suburban 15002008-2008 - 雪佛兰 Tahoe 4.8L,5.3L,6.0L w/ Hydroboost2009 – 2015 – 雪佛兰 Tahoe2016-2016 - 雪佛兰 Tahoe w/ 制动代码 JL4,不带 Brembo 制动器2017 – 2020 – 雪佛兰 Tahoe2009 – 2014 – GMC Savana 15002007 – 2018 – GMC Sierra2005 – 2009 – GMC Sierra 1500 w/ Hydroboost2010 – 2018 – GMC Sierra 15002007 – 2007 – GMC Sierra 1500 Classic w/ Hydroboost2019 – 2019 – GMC Sierra 1500 Limited2008-2008 – GMC Yukon 4.8L、5.3L、6.0L、6.2L w/ Hydroboost2009 – 2015 – GMC Yukon2016 – 2016 – GMC Yukon w/ 制动代码 JL4,不带布雷博制动器2017 – 2020 – GMC Yukon2015 – 2016 – GMC Yukon XL2017 – 2017 – GMC Yukon XL 不带布雷博制动器2018-2020 – GMC Yukon XL2008 – 2008 – GMC Yukon XL 1500 w/ Hydroboost2009 – 2014 – GMC Yukon XL 1500","OE 替换:设计和制造符合 OE 规格的适用性、外形和功能。 OEM 等效零件编号:22742382
耐用材料: 这些刹车片采用优质材料制造,不易磨损和腐蚀,延长使用寿命和可靠性
增强安全性:Bendix 优质陶瓷刹车片旨在减少制动褪色并确保一致的制动性能,提高道路上的安全性
车辆应用:(请参阅产品描述,了解适用机型的完整列表)Cadillac Escalade 2020-2008、Escalade ESV 2020-2008、Escalade EXT 2013-2008、XTS 2015-2013、XTS 2019-2017、雪佛兰Avalanch。 e e 2013 -2008, Cheyenne 2018-2007, Express 1500 2014-2009, Silverado 1500 2018-2005,
Silverado 1500 Classic 2007、Silverado 1500 LD 2019、郊区 2020-2014、Suburban 1500 2014-2007、Tahoe 2020-2008、GMC Savana 1500 2014-2009、Sierra 2018-2007, Sierra 1500 2018-2005、Sierra 1500 Classic 2007、Sierra 1500 Limited 2019、Yukon 2020-2008、Yukon XL 2020-2015、Yukon XL 1500 2014-2008
确认适配性:购买前,使用""亚马逊确认适合""工具验证与您的车辆的兼容性。 输入您的车辆详细信息并查看任何限定词备注。 如果您看到一个带有""i""图标的蓝色圆圈,则会提供重要的装配注意事项。 完成购买之前,请将鼠标悬停在图标上以查看这些备注。",https://m.media-amazon.com/images/I/81VBgJBPTkL._AC_SL1500_.jpg,https://m.media-amazon.com/images/I/71DBXEH5b4L._AC_SL1500_.jpg https://m.media-amazon.com/images/I/71PJ4vH2+wL._AC_SL1500_.jpg https://m.media-amazon.com/images/I/81SW8CTQ1AL._AC_SL1500_.jpg https://m.media-amazon.com/images/I/81n8lslcDkL._AC_SL1500_.jpg https://m.media-amazon.com/images/I/71KuSuulFJL._AC_SL1500_.jpg https://m.media-amazon.com/images/I/81OAFnDk3jL._AC_SL1500_.jpg https://m.media-amazon.com/images/I/71m1zCnVJPL._AC_SL1500_.jpg https://m.media-amazon.com/images/I/71VGrHGgGoL._AC_SL1500_.jpg https://m.media-amazon.com/images/I/71Oi6-IL1CL._AC_SL1500_.jpg https://m.media-amazon.com/images/I/71B8bBMwpJL._AC_SL1500_.jpg https://m.media-amazon.com/images/I/71J-pLnLtiL._AC_SL1500_.jpg https://m.media-amazon.com/images/I/712tEPSfeTL._AC_SL1500_.jpg https://m.media-amazon.com/images/I/71K8+AIt6ML._AC_SL1500_.jpg https://m.media-amazon.com/images/I/71JWgApTvBL._AC_SL1500_.jpg https://m.media-amazon.com/images/I/71Og6IwutdL._AC_SL1500_.jpg https://m.media-amazon.com/images/I/71NVm9t5piL._AC_SL1500_.jpg https://m.media-amazon.com/images/I/71O2yLUb4JL._AC_SL1500_.jpg https://m.media-amazon.com/images/I/71HLFsY0ZXL._AC_SL1500_.jpg https://m.media-amazon.com/images/I/714+vJogofL._AC_SL1500_.jpg https://m.media-amazon.com/images/I/71H13x6ZAcL._AC_SL1500_.jpg https://m.media-amazon.com/images/I/71pCbKKT9zL._AC_SL1500_.jpg https://m.media-amazon.com/images/I/71TuhPfW7XL._AC_SL1500_.jpg https://m.media-amazon.com/images/I/71DyL2Tc3KL._AC_SL1500_.jpg https://m.media-amazon.com/images/I/61qqzqqXVAL._AC_SL1500_.jpg https://m.media-amazon.com/images/I/61rbmOMhIEL._AC_SL1500_.jpg https://m.media-amazon.com/images/I/81qO79ILFOL._AC_SL1500_.jpg https://m.media-amazon.com/images/I/71fRDEzZaTL._AC_SL1500_.jpg https://m.media-amazon.com/images/I/61uF3EI1NEL._AC_SL1500_.jpg https://m.media-amazon.com/images/I/71azKHJRb7L._AC_SL1500_.jpg https://m.media-amazon.com/images/I/71AtBJF9H8L._AC_SL1500_.jpg https://m.media-amazon.com/images/I/71yFzWYRbdL._AC_SL1500_.jpg https://m.media-amazon.com/images/I/716DuV6zyRL._AC_SL1500_.jpg https://m.media-amazon.com/images/I/71jk1x+k2WL._AC_SL1500_.jpg https://m.media-amazon.com/images/I/71Oe9iCL3pL._AC_SL1500_.jpg https://m.media-amazon.com/images/I/71j52RPbfBL._AC_SL1500_.jpg https://m.media-amazon.com/images/I/61I4DlIeDDL._AC_SL1500_.jpg https://m.media-amazon.com/images/I/61LqPANv7CL._AC_SL1500_.jpg https://m.media-amazon.com/images/I/71SaJGRZD8L._AC_SL1500_.jpg https://m.media-amazon.com/images/I/71Un3H3XcYL._AC_SL1500_.jpg https://m.media-amazon.com/images/I/71-J3YMgqYL._AC_SL1500_.jpg https://m.media-amazon.com/images/I/71aDX9oCGlL._AC_SL1500_.jpg https://m.media-amazon.com/images/I/71CqnlvIdrL._AC_SL1500_.jpg https://m.media-amazon.com/images/I/71CRJh71hcL._AC_SL1500_.jpg https://m.media-amazon.com/images/I/71an0K8BMML._AC_SL1500_.jpg https://m.media-amazon.com/images/I/71MY8qGvrDL._AC_SL1500_.jpg https://m.media-amazon.com/images/I/71cH0CrPP4L._AC_SL1500_.jpg https://m.media-amazon.com/images/I/715pBL-DNOL._AC_SL1500_.jpg https://m.media-amazon.com/images/I/71ngR8N8aML._AC_SL1500_.jpg https://m.media-amazon.com/images/I/71KJ48uRbZL._AC_SL1500_.jpg https://m.media-amazon.com/images/I/718BID51VzL._AC_SL1500_.jpg https://m.media-amazon.com/images/I/81Bv5A+aAAL._AC_SL1500_.jpg https://m.media-amazon.com/images/I/71oMZztm1pL._AC_SL1500_.jpg https://m.media-amazon.com/images/I/71vxt-HbVAL._AC_SL1500_.jpg https://m.media-amazon.com/images/I/71LGQCgn6UL._AC_SL1500_.jpg https://m.media-amazon.com/images/I/71sLr3XhawL._AC_SL1500_.jpg https://m.media-amazon.com/images/I/71yoasd42mL._AC_SL1500_.jpg https://m.media-amazon.com/images/I/71ZPHi78A1L._AC_SL1500_.jpg https://m.media-amazon.com/images/I/71qcT8HBe8L._AC_SL1500_.jpg https://m.media-amazon.com/images/I/71Xv9W8ZQQL._AC_SL1500_.jpg https://m.media-amazon.com/images/I/71tAwYdAqdL._AC_SL1500_.jpg https://m.media-amazon.com/images/I/81bO0FU3emL._AC_SL1500_.jpg https://m.media-amazon.com/images/I/81Bxv5ngdaL._AC_SL1500_.jpg https://m.media-amazon.com/images/I/71aMKOqh5UL._AC_SL1500_.jpg https://m.media-amazon.com/images/I/811tE7NxmxL._AC_SL1500_.jpg https://m.media-amazon.com/images/I/71IH87cCAmL._AC_SL1500_.jpg https://m.media-amazon.com/images/I/71slpjTEqjL._AC_SL1500_.jpg https://m.media-amazon.com/images/I/61kFwX+86gL._AC_SL1500_.jpg https://m.media-amazon.com/images/I/71wXZA4Yd9L._AC_SL1500_.jpg https://m.media-amazon.com/images/I/71HW3cqba5L._AC_SL1500_.jpg https://m.media-amazon.com/images/I/71sa0sNTCCL._AC_SL1500_.jpg https://m.media-amazon.com/images/I/710jJqxdKWL._AC_SL1500_.jpg https://m.media-amazon.com/images/I/71gfmemZ8YL._AC_SL1500_.jpg https://m.media-amazon.com/images/I/71umkHL1ukL._AC_SL1500_.jpg https://m.media-amazon.com/images/I/71XuZj92k1L._AC_SL1500_.jpg https://m.media-amazon.com/images/I/71C7xksMZuL._AC_SL1500_.jpg https://m.media-amazon.com/images/I/711Vyc6NNkL._AC_SL1500_.jpg https://m.media-amazon.com/images/I/71HNm0EyjfL._AC_SL1500_.jpg https://m.media-amazon.com/images/I/71b2FNK5rfL._AC_SL1500_.jpg https://m.media-amazon.com/images/I/61I609qKBzL._AC_SL1500_.jpg https://m.media-amazon.com/images/I/71qDT6cArsL._AC_SL1500_.jpg https://m.media-amazon.com/images/I/71sx-DecmzL._AC_SL1500_.jpg https://m.media-amazon.com/images/I/71oHpLhzlsL._AC_SL1500_.jpg https://m.media-amazon.com/images/I/71RGHRIcsGL._AC_SL1500_.jpg https://m.media-amazon.com/images/I/61hEDD8u6sL._AC_SL1500_.jpg https://m.media-amazon.com/images/I/71FVnaTOn8L._AC_SL1500_.jpg https://m.media-amazon.com/images/I/71xHPGHdteL._AC_SL1500_.jpg https://m.media-amazon.com/images/I/71sc8Ke634L._AC_SL1500_.jpg https://m.media-amazon.com/images/I/713ma-LYygL._AC_SL1500_.jpg https://m.media-amazon.com/images/I/81ZFDhm3h9L._AC_SL1500_.jpg https://m.media-amazon.com/images/I/71BNBCuCjmL._AC_SL1500_.jpg https://m.media-amazon.com/images/I/81M6wx+4PDL._AC_SL1500_.jpg https://m.media-amazon.com/images/I/71fFiXiQMAL._AC_SL1500_.jpg https://m.media-amazon.com/images/I/613ZwmAj86L._AC_SL1500_.jpg https://m.media-amazon.com/images/I/715-mkA+jyL._AC_SL1500_.jpg https://m.media-amazon.com/images/I/71hXRAKUGHL._AC_SL1500_.jpg https://m.media-amazon.com/images/I/71qlld+GzXL._AC_SL1500_.jpg https://m.media-amazon.com/images/I/71bPWg5ZjHL._AC_SL1500_.jpg https://m.media-amazon.com/images/I/71zVQu4qZLL._AC_SL1500_.jpg https://m.media-amazon.com/images/I/71Kl9M95W+L._AC_SL1500_.jpg https://m.media-amazon.com/images/I/715MQiLc+XL._AC_SL1500_.jpg https://m.media-amazon.com/images/I/71FRZ2252WL._AC_SL1500_.jpg https://m.media-amazon.com/images/I/71hTpWhYCIL._AC_SL1500_.jpg https://m.media-amazon.com/images/I/71F3tGta2bL._AC_SL1500_.jpg https://m.media-amazon.com/images/I/71oLR8WGGpL._AC_SL1500_.jpg https://m.media-amazon.com/images/I/71yPRri+C8L._AC_SL1500_.jpg https://m.media-amazon.com/images/I/71-Sb17B8HL._AC_SL1500_.jpg https://m.media-amazon.com/images/I/71ifbb5XCeL._AC_SL1500_.jpg https://m.media-amazon.com/images/I/71jAfFWB3tL._AC_SL1500_.jpg https://m.media-amazon.com/images/I/71kb4+kzM9L._AC_SL1500_.jpg https://m.media-amazon.com/images/I/71MB0IgP5+L._AC_SL1500_.jpg https://m.media-amazon.com/images/I/71Szqxqg81L._AC_SL1500_.jpg https://m.media-amazon.com/images/I/71L897rbiML._AC_SL1500_.jpg https://m.media-amazon.com/images/I/71MQoeB2w7L._AC_SL1500_.jpg https://m.media-amazon.com/images/I/71r-8XoMYeL._AC_SL1500_.jpg https://m.media-amazon.com/images/I/71Nwune-opL._AC_SL1500_.jpg https://m.media-amazon.com/images/I/71yloKbL7vL._AC_SL1500_.jpg https://m.media-amazon.com/images/I/71UBjHmWkdL._AC_SL1500_.jpg https://m.media-amazon.com/images/I/719b-z6BAOL._AC_SL1500_.jpg https://m.media-amazon.com/images/I/71mfYbC3H+L._AC_SL1500_.jpg https://m.media-amazon.com/images/I/71AK4AJE5yL._AC_SL1500_.jpg https://m.media-amazon.com/images/I/71WgQeh4qhL._AC_SL1500_.jpg https://m.media-amazon.com/images/I/710DeH8PY1L._AC_SL1500_.jpg https://m.media-amazon.com/images/I/71R72z-p+kL._AC_SL1500_.jpg https://m.media-amazon.com/images/I/71uEVS7ao+L._AC_SL1500_.jpg https://m.media-amazon.com/images/I/61ut4A7J9nL._AC_SL1500_.jpg https://m.media-amazon.com/images/I/712qoA2LYmL._AC_SL1500_.jpg https://m.media-amazon.com/images/I/71jAq5z86ML._AC_SL1500_.jpg https://m.media-amazon.com/images/I/71moRtfmJ9L._AC_SL1500_.jpg https://m.media-amazon.com/images/I/71F75iNzEEL._AC_SL1500_.jpg https://m.media-amazon.com/images/I/71D8g5HValL._AC_SL1500_.jpg https://m.media-amazon.com/images/I/71+ISzQmcwL._AC_SL1500_.jpg https://m.media-amazon.com/images/I/71Ym7xsZr6L._AC_SL1500_.jpg https://m.media-amazon.com/images/I/71q0OKfhxAL._AC_SL1500_.jpg https://m.media-amazon.com/images/I/71l3Hk-CZRL._AC_SL1500_.jpg https://m.media-amazon.com/images/I/81a9VuPX5JL._AC_SL1500_.jpg https://m.media-amazon.com/images/I/71iyBqVxPFL._AC_SL1500_.jpg https://m.media-amazon.com/images/I/71EjxZfOSEL._AC_SL1500_.jpg https://m.media-amazon.com/images/I/71OkW6Sa5pL._AC_SL1500_.jpg https://m.media-amazon.com/images/I/71t5ok2B2zL._AC_SL1500_.jpg https://m.media-amazon.com/images/I/71Dyzaxmk4L._AC_SL1500_.jpg https://m.media-amazon.com/images/I/71QJFjrCyGL._AC_SL1500_.jpg https://m.media-amazon.com/images/I/61UB1i2TW7L._AC_SL1500_.jpg https://m.media-amazon.com/images/I/71j84Km+hSL._AC_SL1500_.jpg https://m.media-amazon.com/images/I/61JUqxrpNSL._AC_SL1500_.jpg https://m.media-amazon.com/images/I/71FyDIAvh5L._AC_SL1500_.jpg https://m.media-amazon.com/images/I/71VkGR1MoNL._AC_SL1500_.jpg https://m.media-amazon.com/images/I/81su1Dx68xL._AC_SL1500_.jpg https://m.media-amazon.com/images/I/714C9DzXq1L._AC_SL1500_.jpg https://m.media-amazon.com/images/I/719AIkspFdL._AC_SL1500_.jpg https://m.media-amazon.com/images/I/71X9vSlztXL._AC_SL1500_.jpg https://m.media-amazon.com/images/I/71klvgI9gNL._AC_SL1500_.jpg https://m.media-amazon.com/images/I/81qwvDuhG0L._AC_SL1500_.jpg https://m.media-amazon.com/images/I/71nkODfIg5L._AC_SL1500_.jpg https://m.media-amazon.com/images/I/71KWGF505-L._AC_SL1500_.jpg https://m.media-amazon.com/images/I/71mX1Q-baJL._AC_SL1500_.jpg https://m.media-amazon.com/images/I/71GXF7-TxmL._AC_SL1500_.jpg https://m.media-amazon.com/images/I/71ADhyZ+-EL._AC_SL1500_.jpg https://m.media-amazon.com/images/I/815oKY-eLcL._AC_SL1500_.jpg https://m.media-amazon.com/images/I/71H+HSES8bL._AC_SL1500_.jpg https://m.media-amazon.com/images/I/81Gf6X8L+jL._AC_SL1500_.jpg https://m.media-amazon.com/images/I/71Vp9q8ma-L._AC_SL1500_.jpg https://m.media-amazon.com/images/I/71GFM7Nf4EL._AC_SL1500_.jpg https://m.media-amazon.com/images/I/61whWGhsUyL._AC_SL1500_.jpg https://m.media-amazon.com/images/I/71-WDYl0mGL._AC_SL1500_.jpg https://m.media-amazon.com/images/I/61ANy58HzfL._AC_SL1500_.jpg https://m.media-amazon.com/images/I/71oiKtVzdAL._AC_SL1500_.jpg https://m.media-amazon.com/images/I/81Xle-ZYXUL._AC_SL1500_.jpg https://m.media-amazon.com/images/I/71JLfGT06IL._AC_SL1500_.jpg https://m.media-amazon.com/images/I/71vJbhNvP6L._AC_SL1500_.jpg https://m.media-amazon.com/images/I/71wlrsma3ML._AC_SL1500_.jpg https://m.media-amazon.com/images/I/710J0WIZ-+L._AC_SL1500_.jpg https://m.media-amazon.com/images/I/71xuQngqywL._AC_SL1500_.jpg https://m.media-amazon.com/images/I/71foks0IW7L._AC_SL1500_.jpg https://m.media-amazon.com/images/I/710YsVnOiuL._AC_SL1500_.jpg https://m.media-amazon.com/images/I/71mTnrHXo8L._AC_SL1500_.jpg https://m.media-amazon.com/images/I/71SFwejMh+L._AC_SL1500_.jpg https://m.media-amazon.com/images/I/81Y3VhJJTiL._AC_SL1500_.jpg https://m.media-amazon.com/images/I/71HKBzaT2aL._AC_SL1500_.jpg https://m.media-amazon.com/images/I/71+tnxJ5yjL._AC_SL1500_.jpg https://m.media-amazon.com/images/I/71ia5Pcq1IL._AC_SL1500_.jpg https://m.media-amazon.com/images/I/615uuK5gfxL._AC_SL1500_.jpg https://m.media-amazon.com/images/I/71a6kRaT4OL._AC_SL1500_.jpg https://m.media-amazon.com/images/I/71WWnG2xl2L._AC_SL1500_.jpg https://m.media-amazon.com/images/I/71sNoo3SHRL._AC_SL1500_.jpg https://m.media-amazon.com/images/I/71ArQLmkmPL._AC_SL1500_.jpg https://m.media-amazon.com/images/I/71-pBupGvQL._AC_SL1500_.jpg https://m.media-amazon.com/images/I/71XW-qmhRbL._AC_SL1500_.jpg https://m.media-amazon.com/images/I/81BDwQQosBL._AC_SL1500_.jpg https://m.media-amazon.com/images/I/71I0Q4OxKuL._AC_SL1500_.jpg https://m.media-amazon.com/images/I/71vYvjiFkfL._AC_SL1500_.jpg https://m.media-amazon.com/images/I/71LF33zbKIL._AC_SL1500_.jpg https://m.media-amazon.com/images/I/71ke6mEdD-L._AC_SL1500_.jpg https://m.media-amazon.com/images/I/81-zRbaSZpL._AC_SL1500_.jpg https://m.media-amazon.com/images/I/710oqNevnkL._AC_SL1500_.jpg https://m.media-amazon.com/images/I/71mA-pQjwAL._AC_SL1500_.jpg https://m.media-amazon.com/images/I/71Qd5QUkTSL._AC_SL1500_.jpg https://m.media-amazon.com/images/I/71e6Eh4SSfL._AC_SL1500_.jpg https://m.media-amazon.com/images/I/71XOM11NmNL._AC_SL1500_.jpg https://m.media-amazon.com/images/I/71qSeb+8EsL._AC_SL1500_.jpg https://m.media-amazon.com/images/I/71buy90MfjL._AC_SL1500_.jpg https://m.media-amazon.com/images/I/71Cg6EXnGxL._AC_SL1500_.jpg https://m.media-amazon.com/images/I/71wD3e3goHL._AC_SL1500_.jpg https://m.media-amazon.com/images/I/716lUc-8HwL._AC_SL1500_.jpg https://m.media-amazon.com/images/I/71TVtzTysQL._AC_SL1500_.jpg https://m.media-amazon.com/images/I/71c2bOkgdBL._AC_SL1500_.jpg https://m.media-amazon.com/images/I/711eBb6pSQL._AC_SL1500_.jpg https://m.media-amazon.com/images/I/71OeyO0kzQL._AC_SL1500_.jpg https://m.media-amazon.com/images/I/712fqwxIdPL._AC_SL1500_.jpg https://m.media-amazon.com/images/I/71vE+csJFIL._AC_SL1500_.jpg https://m.media-amazon.com/images/I/71gSJE0o4AL._AC_SL1500_.jpg https://m.media-amazon.com/images/I/71BLFEFMUiL._AC_SL1500_.jpg https://m.media-amazon.com/images/I/81R+zW+k42L._AC_SL1500_.jpg https://m.media-amazon.com/images/I/710HUHmIPiL._AC_SL1500_.jpg https://m.media-amazon.com/images/I/71AHSjgBRhL._AC_SL1500_.jpg https://m.media-amazon.com/images/I/716BZQsHJQL._AC_SL1500_.jpg https://m.media-amazon.com/images/I/71s7uLNeRxL._AC_SL1500_.jpg https://m.media-amazon.com/images/I/7168+4AQbiL._AC_SL1500_.jpg https://m.media-amazon.com/images/I/715qt2ObkzL._AC_SL1500_.jpg https://m.media-amazon.com/images/I/71KLKuF9I4L._AC_SL1500_.jpg https://m.media-amazon.com/images/I/710Bs1mG2DL._AC_SL1500_.jpg https://m.media-amazon.com/images/I/71msXWWFgDL._AC_SL1500_.jpg https://m.media-amazon.com/images/I/71sU05pqSaL._AC_SL1500_.jpg https://m.media-amazon.com/images/I/8114W8JkpZL._AC_SL1500_.jpg https://m.media-amazon.com/images/I/611layD2CJL._AC_SL1500_.jpg https://m.media-amazon.com/images/I/71PIYjgvVML._AC_SL1500_.jpg https://m.media-amazon.com/images/I/71ZT3CM7mdL._AC_SL1500_.jpg https://m.media-amazon.com/images/I/8192XfhRBrL._AC_SL1500_.jpg https://m.media-amazon.com/images/I/71-6Oad-WML._AC_SL1500_.jpg https://m.media-amazon.com/images/I/71bhp4XrDwL._AC_SL1500_.jpg https://m.media-amazon.com/images/I/7116Ye25qLL._AC_SL1500_.jpg https://m.media-amazon.com/images/I/71htXkmuu6L._AC_SL1500_.jpg https://m.media-amazon.com/images/I/71YS5KdJhuL._AC_SL1500_.jpg https://m.media-amazon.com/images/I/71ySy4P3WqL._AC_SL1500_.jpg https://m.media-amazon.com/images/I/71K4HyrfJWL._AC_SL1500_.jpg https://m.media-amazon.com/images/I/61ElRs3ZbHL._AC_SL1500_.jpg https://m.media-amazon.com/images/I/71U5te0PyeL._AC_SL1500_.jpg https://m.media-amazon.com/images/I/71z-GnIW1zL._AC_SL1500_.jpg https://m.media-amazon.com/images/I/71pjLIovgJL._AC_SL1500_.jpg https://m.media-amazon.com/images/I/71yNZ-qjWNL._AC_SL1500_.jpg https://m.media-amazon.com/images/I/712FSHzyF-L._AC_SL1500_.jpg https://m.media-amazon.com/images/I/712sC+-RfuL._AC_SL1500_.jpg https://m.media-amazon.com/images/I/71XmHZLM6ML._AC_SL1500_.jpg https://m.media-amazon.com/images/I/610P05PRNYL._AC_SL1500_.jpg https://m.media-amazon.com/images/I/713Rs8Lsn0L._AC_SL1500_.jpg https://m.media-amazon.com/images/I/71SDHd7MjHL._AC_SL1500_.jpg https://m.media-amazon.com/images/I/71nbyDtkoAL._AC_SL1500_.jpg https://m.media-amazon.com/images/I/71lxIWZ-UjL._AC_SL1500_.jpg https://m.media-amazon.com/images/I/81tz7fRkjkL._AC_SL1500_.jpg https://m.media-amazon.com/images/I/71AY1EBGyCL._AC_SL1500_.jpg https://m.media-amazon.com/images/I/71KvUzB76+L._AC_SL1500_.jpg https://m.media-amazon.com/images/I/619FrzxqayL._AC_SL1500_.jpg https://m.media-amazon.com/images/I/71YhAawE2dL._AC_SL1500_.jpg https://m.media-amazon.com/images/I/716pUiL6ACL._AC_SL1500_.jpg https://m.media-amazon.com/images/I/71v3og90rSL._AC_SL1500_.jpg https://m.media-amazon.com/images/I/81IcMQXA3UL._AC_SL1500_.jpg https://m.media-amazon.com/images/I/712ujkASZOL._AC_SL1500_.jpg https://m.media-amazon.com/images/I/71L2clxi9KL._AC_SL1500_.jpg https://m.media-amazon.com/images/I/71dLtiuJp+L._AC_SL1500_.jpg https://m.media-amazon.com/images/I/71Q4bjNKb9L._AC_SL1500_.jpg https://m.media-amazon.com/images/I/71VJPNNPZrL._AC_SL1500_.jpg https://m.media-amazon.com/images/I/81v1GCw7sSL._AC_SL1500_.jpg https://m.media-amazon.com/images/I/71obBVgZrjL._AC_SL1500_.jpg https://m.media-amazon.com/images/I/71+kCjfDCHL._AC_SL1500_.jpg https://m.media-amazon.com/images/I/71nOCnQszNL._AC_SL1500_.jpg https://m.media-amazon.com/images/I/71IvaDs3cXL._AC_SL1500_.jpg https://m.media-amazon.com/images/I/71KGPfdcrjL._AC_SL1500_.jpg https://m.media-amazon.com/images/I/71Hi1q6W3zL._AC_SL1500_.jpg https://m.media-amazon.com/images/I/716zfrOx5-L._AC_SL1500_.jpg https://m.media-amazon.com/images/I/71Z1edJZNGL._AC_SL1500_.jpg https://m.media-amazon.com/images/I/71f8tTk0EcL._AC_SL1500_.jpg https://m.media-amazon.com/images/I/81qBTVLPAmL._AC_SL1500_.jpg https://m.media-amazon.com/images/I/71a+ORqsx6L._AC_SL1500_.jpg https://m.media-amazon.com/images/I/714EaEWplHL._AC_SL1500_.jpg https://m.media-amazon.com/images/I/61Lt0tkymSL._AC_SL1500_.jpg https://m.media-amazon.com/images/I/71gZFFGozJL._AC_SL1500_.jpg https://m.media-amazon.com/images/I/61wDC3m+TrL._AC_SL1500_.jpg https://m.media-amazon.com/images/I/71CJwy+ctZL._AC_SL1500_.jpg https://m.media-amazon.com/images/I/71eaAlv+KUL._AC_SL1500_.jpg https://m.media-amazon.com/images/I/71Yr1jKKTSL._AC_SL1500_.jpg https://m.media-amazon.com/images/I/71KeQQTl7KL._AC_SL1500_.jpg https://m.media-amazon.com/images/I/71GyVSCmTAL._AC_SL1500_.jpg https://m.media-amazon.com/images/I/71+EjVHgyBL._AC_SL1500_.jpg https://m.media-amazon.com/images/I/71Y87x45T+L._AC_SL1500_.jpg https://m.media-amazon.com/images/I/71Y8CUL0ZfL._AC_SL1500_.jpg https://m.media-amazon.com/images/I/71iPV0gT3CL._AC_SL1500_.jpg https://m.media-amazon.com/images/I/717LrW+j4zL._AC_SL1500_.jpg https://m.media-amazon.com/images/I/71Dsd-dnYDL._AC_SL1500_.jpg https://m.media-amazon.com/images/I/71iQbuE1TnL._AC_SL1500_.jpg https://m.media-amazon.com/images/I/7141JwiaxEL._AC_SL1500_.jpg https://m.media-amazon.com/images/I/71vRDL3uDJL._AC_SL1500_.jpg https://m.media-amazon.com/images/I/71nY-aQgr1L._AC_SL1500_.jpg https://m.media-amazon.com/images/I/61LmjuQZRlL._AC_SL1500_.jpg https://m.media-amazon.com/images/I/71jJ+JQi0eL._AC_SL1500_.jpg https://m.media-amazon.com/images/I/715pSusUMyL._AC_SL1500_.jpg https://m.media-amazon.com/images/I/71Dr3wWYtfL._AC_SL1500_.jpg https://m.media-amazon.com/images/I/71DFlBwuroL._AC_SL1500_.jpg https://m.media-amazon.com/images/I/71k8hlsaKjL._AC_SL1500_.jpg https://m.media-amazon.com/images/I/713ym-thFPL._AC_SL1500_.jpg https://m.media-amazon.com/images/I/719vbKNvvXL._AC_SL1500_.jpg https://m.media-amazon.com/images/I/714Hv2KnsuL._AC_SL1500_.jpg https://m.media-amazon.com/images/I/716kvDz2eeL._AC_SL1500_.jpg https://m.media-amazon.com/images/I/81t6S8ili1L._AC_SL1500_.jpg https://m.media-amazon.com/images/I/71Srt8a1piL._AC_SL1500_.jpg https://m.media-amazon.com/images/I/71qI9SHrY2L._AC_SL1500_.jpg https://m.media-amazon.com/images/I/71JaTNrfmDL._AC_SL1500_.jpg https://m.media-amazon.com/images/I/71aEDJXstvL._AC_SL1500_.jpg https://m.media-amazon.com/images/I/71NeJnAzJTL._AC_SL1500_.jpg https://m.media-amazon.com/images/I/71goE7lK5xL._AC_SL1500_.jpg https://m.media-amazon.com/images/I/713jl198LFL._AC_SL1500_.jpg https://m.media-amazon.com/images/I/71JVQutIfvL._AC_SL1500_.jpg https://m.media-amazon.com/images/I/7100wW9L2JL._AC_SL1500_.jpg https://m.media-amazon.com/images/I/71dwE3O7oVL._AC_SL1500_.jpg https://m.media-amazon.com/images/I/71iwn9IqzHL._AC_SL1500_.jpg https://m.media-amazon.com/images/I/71AVTxBSp4L._AC_SL1500_.jpg https://m.media-amazon.com/images/I/71dDfD4itTL._AC_SL1500_.jpg https://m.media-amazon.com/images/I/71X0j5Ke2zL._AC_SL1500_.jpg https://m.media-amazon.com/images/I/71V4RHgFjQL._AC_SL1500_.jpg https://m.media-amazon.com/images/I/71x6V33ybkL._AC_SL1500_.jpg https://m.media-amazon.com/images/I/81fnSN9X7YL._AC_SL1500_.jpg https://m.media-amazon.com/images/I/716azdvWRHL._AC_SL1500_.jpg https://m.media-amazon.com/images/I/71cgrifxi3L._AC_SL1500_.jpg https://m.media-amazon.com/images/I/71c-LJ5ZEGL._AC_SL1500_.jpg https://m.media-amazon.com/images/I/71jzgPUCS+L._AC_SL1500_.jpg https://m.media-amazon.com/images/I/71dWsUL96RL._AC_SL1500_.jpg https://m.media-amazon.com/images/I/71vBbvx7rML._AC_SL1500_.jpg https://m.media-amazon.com/images/I/71QBhwYO4ML._AC_SL1500_.jpg https://m.media-amazon.com/images/I/71Iib--znGL._AC_SL1500_.jpg https://m.media-amazon.com/images/I/711n-jsKqWL._AC_SL1500_.jpg https://m.media-amazon.com/images/I/71rw7ESK5NL._AC_SL1500_.jpg https://m.media-amazon.com/images/I/71mi0yv-FvL._AC_SL1500_.jpg https://m.media-amazon.com/images/I/71d-1c2QJZL._AC_SL1500_.jpg https://m.media-amazon.com/images/I/71xclUYA42L._AC_SL1500_.jpg https://m.media-amazon.com/images/I/71O63M7TAtL._AC_SL1500_.jpg https://m.media-amazon.com/images/I/713jJDy59dL._AC_SL1500_.jpg https://m.media-amazon.com/images/I/710OwygV5AL._AC_SL1500_.jpg https://m.media-amazon.com/images/I/81ofimFxVuL._AC_SL1500_.jpg https://m.media-amazon.com/images/I/81wi092BLVL._AC_SL1500_.jpg https://m.media-amazon.com/images/I/71Zs8nwFo+L._AC_SL1500_.jpg https://m.media-amazon.com/images/I/71fnloNd9zL._AC_SL1500_.jpg https://m.media-amazon.com/images/I/71n-DxInFjL._AC_SL1500_.jpg https://m.media-amazon.com/images/I/71KzHma-NNL._AC_SL1500_.jpg https://m.media-amazon.com/images/I/71HhKejCpuL._AC_SL1500_.jpg https://m.media-amazon.com/images/I/81xYRYagx+L._AC_SL1500_.jpg https://m.media-amazon.com/images/I/612cswepuUL._AC_SL1500_.jpg https://m.media-amazon.com/images/I/61Y7lkX95iL._AC_SL1500_.jpg https://m.media-amazon.com/images/I/71oft57kvML._AC_SL1500_.jpg https://m.media-amazon.com/images/I/81CuuIi5rxL._AC_SL1500_.jpg https://m.media-amazon.com/images/I/7175rRSUALL._AC_SL1500_.jpg https://m.media-amazon.com/images/I/61+saRxrtmL._AC_SL1500_.jpg https://m.media-amazon.com/images/I/71Rg6hiDgrL._AC_SL1500_.jpg https://m.media-amazon.com/images/I/71fLaWjTmkL._AC_SL1500_.jpg https://m.media-amazon.com/images/I/71OEVhKgQZL._AC_SL1500_.jpg https://m.media-amazon.com/images/I/71l1bKRzFiL._AC_SL1500_.jpg https://m.media-amazon.com/images/I/71i2qxtGWZL._AC_SL1500_.jpg https://m.media-amazon.com/images/I/71kxg0cpYTL._AC_SL1500_.jpg https://m.media-amazon.com/images/I/61evjvAB2+L._AC_SL1500_.jpg https://m.media-amazon.com/images/I/71VA-LI1+2L._AC_SL1500_.jpg https://m.media-amazon.com/images/I/71x-KAMQcoL._AC_SL1500_.jpg https://m.media-amazon.com/images/I/71oSRpNqgfL._AC_SL1500_.jpg https://m.media-amazon.com/images/I/61NoFNf6cNL._AC_SL1500_.jpg https://m.media-amazon.com/images/I/71R4rRYKc0L._AC_SL1500_.jpg https://m.media-amazon.com/images/I/71fpFMqSimL._AC_SL1500_.jpg https://m.media-amazon.com/images/I/71fBlOc+dxL._AC_SL1500_.jpg https://m.media-amazon.com/images/I/71OsSDQLJ+L._AC_SL1500_.jpg https://m.media-amazon.com/images/I/71cJAVU2L2L._AC_SL1500_.jpg https://m.media-amazon.com/images/I/71iIJG4taxL._AC_SL1500_.jpg https://m.media-amazon.com/images/I/713iE29ngyL._AC_SL1500_.jpg https://m.media-amazon.com/images/I/71KzyQy2E6L._AC_SL1500_.jpg https://m.media-amazon.com/images/I/71RAmLLZuoL._AC_SL1500_.jpg https://m.media-amazon.com/images/I/61rOETNg1oL._AC_SL1500_.jpg https://m.media-amazon.com/images/I/715L1Sh9A7L._AC_SL1500_.jpg https://m.media-amazon.com/images/I/71Q8SSLkIXL._AC_SL1500_.jpg https://m.media-amazon.com/images/I/71CmpfNZEbL._AC_SL1500_.jpg https://m.media-amazon.com/images/I/71ZMnUPRsmL._AC_SL1500_.jpg https://m.media-amazon.com/images/I/71fXiAu7SxL._AC_SL1500_.jpg https://m.media-amazon.com/images/I/6192At69jGL._AC_SL1500_.jpg https://m.media-amazon.com/images/I/71L976NyAvL._AC_SL1500_.jpg https://m.media-amazon.com/images/I/81Evs7i+QNL._AC_SL1500_.jpg https://m.media-amazon.com/images/I/6188Na-YdsL._AC_SL1500_.jpg https://m.media-amazon.com/images/I/71fPw9znJkL._AC_SL1500_.jpg https://m.media-amazon.com/images/I/711i1UfkLpL._AC_SL1500_.jpg https://m.media-amazon.com/images/I/71kXyeXW9mL._AC_SL1500_.jpg https://m.media-amazon.com/images/I/71SZSyi8kQL._AC_SL1500_.jpg https://m.media-amazon.com/images/I/61vLgm3AGcL._AC_SL1500_.jpg https://m.media-amazon.com/images/I/71GX7-eax4L._AC_SL1500_.jpg https://m.media-amazon.com/images/I/71Luo-PJHIL._AC_SL1500_.jpg https://m.media-amazon.com/images/I/61S8fyERgJL._AC_SL1500_.jpg https://m.media-amazon.com/images/I/71fg0bNXSFL._AC_SL1500_.jpg https://m.media-amazon.com/images/I/81ZpNyQhpmL._AC_SL1500_.jpg https://m.media-amazon.com/images/I/71RSUnCxtZL._AC_SL1500_.jpg https://m.media-amazon.com/images/I/71PAQjGy1hL._AC_SL1500_.jpg https://m.media-amazon.com/images/I/71yEWBdFdgL._AC_SL1500_.jpg https://m.media-amazon.com/images/I/61EXTSUO+BL._AC_SL1500_.jpg https://m.media-amazon.com/images/I/710gEEdwyQL._AC_SL1500_.jpg https://m.media-amazon.com/images/I/71tZBKVl7dL._AC_SL1500_.jpg https://m.media-amazon.com/images/I/61Alad7AP9L._AC_SL1500_.jpg https://m.media-amazon.com/images/I/71gT4sshLfL._AC_SL1500_.jpg https://m.media-amazon.com/images/I/71+lFwEecQL._AC_SL1500_.jpg https://m.media-amazon.com/images/I/71JaGMmHcxL._AC_SL1500_.jpg https://m.media-amazon.com/images/I/71lM59WABNL._AC_SL1500_.jpg https://m.media-amazon.com/images/I/71tTQSEl4gL._AC_SL1500_.jpg https://m.media-amazon.com/images/I/71UA3dh8mxL._AC_SL1500_.jpg https://m.media-amazon.com/images/I/81XMDEvyWsL._AC_SL1500_.jpg https://m.media-amazon.com/images/I/81Yue+WDRwL._AC_SL1500_.jpg https://m.media-amazon.com/images/I/71VyzHu9UEL._AC_SL1500_.jpg https://m.media-amazon.com/images/I/71FcP06sIHL._AC_SL1500_.jpg https://m.media-amazon.com/images/I/71s4c2i9ldL._AC_SL1500_.jpg https://m.media-amazon.com/images/I/711qP6b7yzL._AC_SL1500_.jpg https://m.media-amazon.com/images/I/71HakJYEcmL._AC_SL1500_.jpg https://m.media-amazon.com/images/I/71GVN1dNHfL._AC_SL1500_.jpg https://m.media-amazon.com/images/I/718YDyNTpkL._AC_SL1500_.jpg https://m.media-amazon.com/images/I/71BJoWUsuLL._AC_SL1500_.jpg https://m.media-amazon.com/images/I/710YOU1-6XL._AC_SL1500_.jpg https://m.media-amazon.com/images/I/71VnelD0jPL._AC_SL1500_.jpg https://m.media-amazon.com/images/I/71uSEDZrfoL._AC_SL1500_.jpg https://m.media-amazon.com/images/I/71PNU7d+2AL._AC_SL1500_.jpg https://m.media-amazon.com/images/I/71ZULuTVQ+L._AC_SL1500_.jpg https://m.media-amazon.com/images/I/71ldCJAxHLL._AC_SL1500_.jpg https://m.media-amazon.com/images/I/71Kmu8PDUSL._AC_SL1500_.jpg https://m.media-amazon.com/images/I/71k3wS4zTAL._AC_SL1500_.jpg https://m.media-amazon.com/images/I/71PvMPttQCL._AC_SL1500_.jpg https://m.media-amazon.com/images/I/61rmTb6R3QL._AC_SL1500_.jpg https://m.media-amazon.com/images/I/81RuDRGBDmL._AC_SL1500_.jpg https://m.media-amazon.com/images/I/71+mO+D+ikL._AC_SL1500_.jpg https://m.media-amazon.com/images/I/81htyqVnFsL._AC_SL1500_.jpg https://m.media-amazon.com/images/I/71-MqkrQ9FL._AC_SL1500_.jpg https://m.media-amazon.com/images/I/71Z9qQcV+OL._AC_SL1500_.jpg https://m.media-amazon.com/images/I/7198M7wR8nL._AC_SL1500_.jpg https://m.media-amazon.com/images/I/81Xcw2FNY+L._AC_SL1500_.jpg https://m.media-amazon.com/images/I/71dy2alh5ZL._AC_SL1500_.jpg https://m.media-amazon.com/images/I/71519al3xTL._AC_SL1500_.jpg https://m.media-amazon.com/images/I/71TqwJ9H+oL._AC_SL1500_.jpg https://m.media-amazon.com/images/I/71XP6RjwFmL._AC_SL1500_.jpg https://m.media-amazon.com/images/I/71vE9JDPh6L._AC_SL1500_.jpg https://m.media-amazon.com/images/I/713AO5dxV6L._AC_SL1500_.jpg https://m.media-amazon.com/images/I/718PXKp00GL._AC_SL1500_.jpg https://m.media-amazon.com/images/I/71U0I0hDWFL._AC_SL1500_.jpg https://m.media-amazon.com/images/I/71Yot+Y6k2L._AC_SL1500_.jpg https://m.media-amazon.com/images/I/813hGSsOoVL._AC_SL1500_.jpg https://m.media-amazon.com/images/I/71RaZK00e4L._AC_SL1500_.jpg https://m.media-amazon.com/images/I/71GD56JsyZL._AC_SL1500_.jpg https://m.media-amazon.com/images/I/71Wz9BOzVfL._AC_SL1500_.jpg https://m.media-amazon.com/images/I/81G6ltEfi5L._AC_SL1500_.jpg https://m.media-amazon.com/images/I/713HSCjiJgL._AC_SL1500_.jpg https://m.media-amazon.com/images/I/71DHP-PqD7L._AC_SL1500_.jpg https://m.media-amazon.com/images/I/71T9rfzLM+L._AC_SL1500_.jpg https://m.media-amazon.com/images/I/71NY0dQkFML._AC_SL1500_.jpg,,,,0,汽车用品›汽车零件›刹车系统›刹车垫,4.6,"4,993 评论",,,,
https://www.amazon.com/dp/B01KHLJDTA,,Bendix Priority1 SBC1327 陶瓷前刹车片 | 兼容克莱斯勒、道奇、吉普、Ram和大众车型 | OE规格替换 | 提升安全性与性能,升级您的骑行体验，使用 Bendix Priority1 SBC1327 陶瓷前刹车片。这款高性能刹车片专为确保与原厂设备完美贴合而设计，使更换过程轻松无缝。适合日常驾驶，提供卓越的制动性能和顺畅的行驶体验。兼容多款克莱斯勒、道奇、吉普、Ram 和大众车型，确保您可以找到适合您车辆的完美选择。请在下单前使用“亚马逊确认适合”工具，确保兼容性并查看任何重要的装配备注。,"OE 替换设计: 完全符合 OE 规格，确保完美贴合与功能，OE 参考编号: 68003701AB。
耐用陶瓷材料: 高品质陶瓷材料，抗磨损与腐蚀，延长使用寿命与可靠性。
增强安全性: 设计减少制动褪色，提供一致的制动性能，提升行车安全。
广泛兼容: 适用于克莱斯勒 Town & Country, Dodge Grand Caravan, Journey, Nitro, Jeep Liberty, Wrangler, Ram C/V, 大众 Routan 等多款车型。
兼容性确认: 使用亚马逊确认适合工具，确保与您的车辆完全兼容，查看任何重要的装配注意事项。","Bendix Priority1 SBC1327 陶瓷前刹车片,适用于部分型号克莱斯勒城镇和乡村,道奇大篷车,旅程,硝基,吉普自由,牧马人,JK,Ram C/V,大众 Routan","使用 Bendix 优质陶瓷替换刹车片升级您的骑行体验。 旨在匹配原始设备的贴合、形式和功能,从而实现无缝更换。 非常适合日常驾驶员,这些刹车片提供最佳性能和平稳行驶。产品详情:兼容性 :设计仅适合以下型号和选项:2008 克莱斯勒 Town & Country w/ 单活塞卡钳 w/ 302 毫米前转子2009 克莱斯勒 Town & Country w/ 单活塞卡钳 w/ 302 毫米前转子2010 克莱斯勒 Town & Country w/ 单活塞卡钳 w/ 302 毫米前转子2011 克莱斯勒 Town & Country w/ 单活塞卡钳 w/ 302 毫米前转子2012 克莱斯勒 Town & Country 不带重型制动器,带单活塞卡钳,带 302 毫米前转子2013 克莱斯勒 Town & Country 不带重型制动器,带单活塞卡钳,带 302 毫米前转子2014 克莱斯勒 Town & Country 不带重型制动器,带单活塞卡钳,带 302 毫米前转子2015 克莱斯勒 Town & Country 不带重型制动器,带单活塞卡钳,带 302 毫米前转子2016 克莱斯勒 Town & Country 不带重型制动器,带单活塞卡钳,带 302 毫米前转子2008 款 Dodge Grand Caravan w/ 单活塞卡钳 w/ 302 毫米前转子2009 款 Dodge Grand Caravan w/ 单活塞卡钳 w/ 302 毫米前转子2010 Dodge Grand Caravan w/ 单活塞卡钳 w/ 302 毫米前转子2011 Dodge Grand Caravan w/ 单活塞卡钳 w/ 302 毫米前转子2012 款道奇Grand Caravan 不带重型制动器,带单活塞卡钳,带 302 毫米前转子2013 款道奇Grand Caravan 不带重型制动器,带单活塞卡钳,带 302 毫米前转子2014 款道奇Grand Caravan 不带重型制动器,带单活塞卡钳,带 302 毫米前转子2015 款 Dodge Grand Caravan 不带重型制动器 w/ 305 毫米后转子 w/ 单活塞卡钳2016 款 Dodge Grand Caravan 不带重型制动器 w/ 305 毫米后转子 w/ 单活塞卡钳2009 年 Dodge Journey w/ 单活塞卡钳 w/ 302 毫米前转子2010 Dodge Journey w/ 单活塞卡钳 w/ 302 毫米前转子2011 Dodge Journey w/ 单活塞卡钳 w/ 302 毫米前转子2012 年 Dodge Journey 不带重型制动器,带单活塞卡钳,带 302 毫米前转子2013 年 Dodge Journey 不带重型制动器,带单活塞卡钳,带 302 毫米前转子2007 Dodge Nitro2008 Dodge Nitro2009 Dodge Nitro2010 Dodge Nitro2011 Dodge Nitro2012 Dodge Nitro2008 Jeep Liberty2009 Jeep Liberty2010 Jeep Liberty2011 Jeep Liberty2012 Jeep Liberty2013 Jeep Liberty2007 Jeep Wrangler2008 Jeep Wrangler2009 Jeep Wrangler2010 Jeep Wrangler2011 吉普牧马人带单活塞卡钳 w/ 302 毫米前转子2012 吉普牧马人带单活塞卡钳 w/ 302 毫米前转子2013 吉普牧马人带单活塞卡钳 w/ 302 毫米前转子2014 吉普牧马人带单活塞卡钳 w/ 302 毫米前转子2015 吉普牧马人带单活塞卡钳 w/ 302 毫米前转子2016 吉普牧马人带单活塞卡钳 w/ 302 毫米前转子2017 吉普牧马人带单活塞卡钳 w/ 302 毫米前转子2018 Jeep Wrangler JK 带单活塞卡钳 w/ 302 毫米前转子2012 年 Ram C/V 不带重型制动器,带单活塞卡钳,带 302 毫米前转子2013 年 Ram C/V 不带重型制动器,带单活塞卡钳,带 302 毫米前转子2014 年 Ram C/V 不带重型制动器,带单活塞卡钳,带 302 毫米前转子2015 Ram C/V w/ 制动代码 BRE w/ 单活塞卡钳 w/ 302 毫米前转子2009 大众 Routan 带单活塞卡钳 w/ 302 毫米前转子2010 大众 Routan 带单活塞卡钳 w/ 302 毫米前转子2011 大众 Routan 带单活塞卡钳 w/ 302 毫米前转子2012 大众 Routan 带单活塞卡钳 w/ 302 毫米前转子2014 大众 Routan 带单活塞卡钳 w/ 302 毫米前转子请在下订单前使用""亚马逊确认合适""工具确保兼容性。","OE 替换:设计和制造符合 OE 规格的适用性、外形和功能。 OE 参考编号:68003701AB。
耐用材料: 这些刹车片采用优质材料制造,不易磨损和腐蚀,延长使用寿命和可靠性
增强安全性:Bendix 优质陶瓷刹车片旨在减少制动褪色并确保一致的制动性能,提高道路上的安全性
车辆应用:克莱斯勒 Town & Country 2016-2008, Dodge Grand Caravan 2016-2008, Journey 2013-2009, Nitro 2012-2007, Jeep Liberty 2013-2008, Wrangler 2017-2007, Wrangler JK 2011 8,8,8,8,V 2015-2012, 大众 Routan 2012-2009, Routan 2014。 请确认配件并查看下面的产品说明以获取详细的配件信息。
确认适配性:购买前,使用""亚马逊确认适合""工具验证与您的车辆的兼容性。 输入您的车辆详细信息并查看任何限定词备注。 如果您看到一个带有""i""图标的蓝色圆圈,则会提供重要的装配注意事项。 完成购买之前,请将鼠标悬停在图标上以查看这些备注。",https://m.media-amazon.com/images/G/01/HomeCustomProduct/360_icon_73x73v2._CB485971279_SS40_FMpng_RI_.png,,‎Bendix,,,,,,,,访问 Bendix 品牌旗舰店,,
https://www.amazon.com/dp/B07VFQKZJK,B07VFQKZJK,Power Stop Z36-2087 碳纤维陶瓷刹车片 - 适用于2010-2020福特F-150 & 2010-2021林肯导航器 | 重型卡车和拖车制动解决方案,Power Stop Z36-2087 碳纤维陶瓷刹车片专为2010-2020年福特F-150及2010-2021年林肯导航器设计，兼容重型卡车和拖车使用。该刹车片提供卓越的制动性能，满足拖运和越野需求，确保安全驾驶。建议在增加牵引负载或升级轮胎时使用，以保持最佳制动效果。采用优质不锈钢材料，确保高效散热与静音制动。包含所有必要的安装硬件，方便您快速上手。请使用亚马逊配件工具确认适配性，确保与您的车辆完美匹配。,"卓越制动能力，专为拖运者与越野爱好者设计，确保安全与稳定。
推荐在增加负载或更换更大轮胎时使用Z36刹车片，以避免超出制动器限制。
由优质不锈钢垫片制成，提供卓越散热性能和几乎无噪音的制动体验。
配备高品质不锈钢安装硬件，简化安装过程。
请使用亚马逊配件工具确认适配性，确保完美适合您的车辆。",Power Stop Front Z36-2087 卡车和拖车碳纤维陶瓷刹车片 适用于 2010-2020 福特远征福特 F-150 | 2010-2021 林肯导航器,该套件适用于:2010-2021 年福特远征款2010-2020 款福特 F-1502010-2022 林肯导航仪,"Z36 卡车和拖车刹车片具有卓越的制动能力,满足拖运者和越野爱好者的需求。
为了避免超过备用制动器的限制,我们建议在每次通过牵引负载、拖曳拖车或仅仅添加更大的轮/轮胎组合来增加车辆重量时使用 Z36 刹车片
它们由优质不锈钢垫片制成,提供更好的散热和几乎无噪音的制动。
包括优质不锈钢硬件,方便安装
具体应用 - 请用上面的亚马逊配件工具确认是否适合",https://m.media-amazon.com/images/I/61wtTTA4SxL._AC_SL1000_.jpg,,,,,0,汽车用品›汽车零件›刹车系统›刹车垫,4.7,"1,253 评论",,,,
https://www.amazon.com/dp/B01KHLGAZA,B01KHLGAZA,"Bendix Premium SBC883 Ceramic Rear Brake Pads - OE Replacement for Buick, Cadillac, Chevrolet, GMC, Isuzu, Oldsmobile, Saab, Saturn","Transform your driving experience with Bendix Premium Ceramic Replacement Brake Pads. Specifically designed to match the fit, form, and function of your vehicle's original equipment, these brake pads ensure a seamless installation and optimal performance. Ideal for daily drivers, they provide a smooth ride while enhancing safety through reduced brake fade and consistent braking power. Upgrade your vehicle's braking system today and enjoy the peace of mind that comes with industry-tested reliability.","OE REPLACEMENT: Engineered to meet original equipment specifications for perfect fit and function.
DURABLE CONSTRUCTION: Made from high-quality materials for superior wear resistance and longevity.
ENHANCED SAFETY: Reduces brake fade for consistent performance, ensuring safer driving conditions.
INDUSTRY-TESTED: Rigorously tested to exceed industry standards, making them reliable for daily driving.
COMPATIBLE VEHICLES: Fits select models including Buick Enclave (2008-2017), Cadillac XTS (2013-2019), Chevrolet SSR (2003-2006), GMC Acadia (2007-2016), and more.","Bendix Premium SBC883 Ceramic Rear Brake Pads for Select Models Buick Enclave,Rainier,Cadillac XTS,Chevrolet SSR,Trailblazer,Trailblazer EXT,Traverse,GMC Acadia,Envoy,Isuzu,Olds Bravada,Saab,Saturn","Upgrade your ride with Bendix Premium Ceramic replacement brake pads. Designed to match the fit, form, and function of the original equipment for a seamless replacement. Perfect for daily drivers, these brake pads provide optimal performance and a smooth ride.","OE REPLACEMENT: Designed and engineered to OE specifications for fit, form, and function
DURABLE MATERIAL: Manufactured using high-quality materials, these brake pads are resistant to wear and corrosion, extending their lifespan and reliability
ENHANCED SAFETY: Bendix Premium ceramic brake pads are designed to reduce brake fade and ensure consistent braking performance, enhancing safety on the road
INDUSTRY-TESTED RELIABILITY: Rigorously tested to meet or exceed industry standards, these brake pads are a trusted choice for daily commute vehicles
VEHICLE APPLICATION: Buick Enclave 2017-2008, Rainier 2007-2004, Cadillac XTS 2015-2013, XTS 2019-2017, Chevrolet SSR 2006-2003, Trailblazer 2009-2002, Trailblazer EXT 2006-2002, Traverse 2017-2009, GMC Acadia 2016-2007, Acadia Limited 2017, Envoy 2009-2002, Envoy XL 2006-2002, Envoy XUV 2005-2004, Isuzu Ascender 2008-2003, Oldsmobile Bravada 2004-2002, Saab 9-7x 2009-2005, Saturn Outlook 2010-2007",https://m.media-amazon.com/images/I/71O-RBBTAqL._AC_SL1500_.jpg,https://m.media-amazon.com/images/I/71DBXEH5b4L._AC_SL1500_.jpg https://m.media-amazon.com/images/I/71PJ4vH2+wL._AC_SL1500_.jpg https://m.media-amazon.com/images/I/81SW8CTQ1AL._AC_SL1500_.jpg https://m.media-amazon.com/images/I/81n8lslcDkL._AC_SL1500_.jpg https://m.media-amazon.com/images/I/71KuSuulFJL._AC_SL1500_.jpg https://m.media-amazon.com/images/I/81OAFnDk3jL._AC_SL1500_.jpg https://m.media-amazon.com/images/I/71w2PiZE6pL._AC_SL1500_.jpg https://m.media-amazon.com/images/I/71D1AdF5+ML._AC_SL1500_.jpg https://m.media-amazon.com/images/I/715nwI6UeDL._AC_SL1500_.jpg https://m.media-amazon.com/images/I/71kmj29vDDL._AC_SL1500_.jpg https://m.media-amazon.com/images/I/71XaFXGizxL._AC_SL1500_.jpg https://m.media-amazon.com/images/I/7172jiXc0lL._AC_SL1500_.jpg https://m.media-amazon.com/images/I/71Fkh2KZmXL._AC_SL1500_.jpg https://m.media-amazon.com/images/I/71IS9lYUQ8L._AC_SL1500_.jpg https://m.media-amazon.com/images/I/71HSU+cIc8L._AC_SL1500_.jpg https://m.media-amazon.com/images/I/71C1qJ2ryeL._AC_SL1500_.jpg https://m.media-amazon.com/images/I/71mhAx+rKVL._AC_SL1500_.jpg https://m.media-amazon.com/images/I/81UJXOW3QPL._AC_SL1500_.jpg https://m.media-amazon.com/images/I/71QySkJ9uQL._AC_SL1500_.jpg https://m.media-amazon.com/images/I/71mlI2MCvDL._AC_SL1500_.jpg https://m.media-amazon.com/images/I/717wV+ol5AL._AC_SL1500_.jpg https://m.media-amazon.com/images/I/71oBd51cSyL._AC_SL1500_.jpg https://m.media-amazon.com/images/I/71qYYE1hjrL._AC_SL1500_.jpg https://m.media-amazon.com/images/I/71IXlfkYKpL._AC_SL1500_.jpg https://m.media-amazon.com/images/I/71XAlLs8ElL._AC_SL1500_.jpg https://m.media-amazon.com/images/I/71fSzMe7OPL._AC_SL1500_.jpg https://m.media-amazon.com/images/I/71j5btyWC2L._AC_SL1500_.jpg https://m.media-amazon.com/images/I/6144Q+wJThL._AC_SL1500_.jpg https://m.media-amazon.com/images/I/71ykU7hxh-L._AC_SL1500_.jpg https://m.media-amazon.com/images/I/71QBfQdszeL._AC_SL1500_.jpg https://m.media-amazon.com/images/I/71pSwZgA7CL._AC_SL1500_.jpg https://m.media-amazon.com/images/I/71+jnebGPYL._AC_SL1500_.jpg https://m.media-amazon.com/images/I/71oJKXjmTRL._AC_SL1500_.jpg https://m.media-amazon.com/images/I/71ze9e2-0xL._AC_SL1500_.jpg https://m.media-amazon.com/images/I/71wYdyeHs3L._AC_SL1500_.jpg https://m.media-amazon.com/images/I/71NbxlA+UFL._AC_SL1500_.jpg https://m.media-amazon.com/images/I/61sfGRAU1wL._AC_SL1500_.jpg https://m.media-amazon.com/images/I/71CHfa-jimL._AC_SL1500_.jpg https://m.media-amazon.com/images/I/71-DmWqPUIL._AC_SL1500_.jpg https://m.media-amazon.com/images/I/71GHCLSsoEL._AC_SL1500_.jpg https://m.media-amazon.com/images/I/71mZ4oRhB6L._AC_SL1500_.jpg https://m.media-amazon.com/images/I/71k3xz7Fu3L._AC_SL1500_.jpg https://m.media-amazon.com/images/I/71cNbkmnBeL._AC_SL1500_.jpg https://m.media-amazon.com/images/I/71pOLhhwlIL._AC_SL1500_.jpg https://m.media-amazon.com/images/I/71Pf-94Yv9L._AC_SL1500_.jpg https://m.media-amazon.com/images/I/71ORP-K8zAL._AC_SL1500_.jpg https://m.media-amazon.com/images/I/71x7Me8gZpL._AC_SL1500_.jpg https://m.media-amazon.com/images/I/71EEXj0n17L._AC_SL1500_.jpg https://m.media-amazon.com/images/I/71EYX4gx5tL._AC_SL1500_.jpg https://m.media-amazon.com/images/I/717hATBkSeL._AC_SL1500_.jpg https://m.media-amazon.com/images/I/71-tRe14J2L._AC_SL1500_.jpg https://m.media-amazon.com/images/I/71Xl+5XC9rL._AC_SL1500_.jpg https://m.media-amazon.com/images/I/7142Xm-24zL._AC_SL1500_.jpg https://m.media-amazon.com/images/I/71p+wHYJslL._AC_SL1500_.jpg https://m.media-amazon.com/images/I/71xNQxyd07L._AC_SL1500_.jpg https://m.media-amazon.com/images/I/71R0yoy2KgL._AC_SL1500_.jpg https://m.media-amazon.com/images/I/71wVH6g7+7L._AC_SL1500_.jpg https://m.media-amazon.com/images/I/71FImiOWdZL._AC_SL1500_.jpg https://m.media-amazon.com/images/I/71m9dU5HgEL._AC_SL1500_.jpg https://m.media-amazon.com/images/I/71afd0EAPHL._AC_SL1500_.jpg https://m.media-amazon.com/images/I/71eKyIMG-TL._AC_SL1500_.jpg https://m.media-amazon.com/images/I/71ylPnx3CvL._AC_SL1439_.jpg https://m.media-amazon.com/images/I/71VcCxxlTmL._AC_SL1500_.jpg https://m.media-amazon.com/images/I/61tTwbGi1lL._AC_SL1500_.jpg https://m.media-amazon.com/images/I/71L0r2FkWXL._AC_SL1500_.jpg https://m.media-amazon.com/images/I/71o0Bki+hML._AC_SL1500_.jpg https://m.media-amazon.com/images/I/71wlU6Ua2XL._AC_SL1500_.jpg https://m.media-amazon.com/images/I/71NQgMUOZ+L._AC_SL1500_.jpg https://m.media-amazon.com/images/I/71zhKBKHNXL._AC_SL1500_.jpg https://m.media-amazon.com/images/I/71uqHCECypL._AC_SL1500_.jpg https://m.media-amazon.com/images/I/71W48bP0NwL._AC_SL1500_.jpg https://m.media-amazon.com/images/I/712jY1gcZ9L._AC_SL1500_.jpg https://m.media-amazon.com/images/I/712i5zpMu1L._AC_SL1500_.jpg https://m.media-amazon.com/images/I/71ZetcNw26L._AC_SL1500_.jpg https://m.media-amazon.com/images/I/71coG6yitHL._AC_SL1500_.jpg https://m.media-amazon.com/images/I/710ZU5n0rpL._AC_SL1500_.jpg https://m.media-amazon.com/images/I/71KTU3LHThL._AC_SL1500_.jpg https://m.media-amazon.com/images/I/71Y3QYEWPYL._AC_SL1500_.jpg https://m.media-amazon.com/images/I/71w2aZECSeL._AC_SL1500_.jpg https://m.media-amazon.com/images/I/71wqe8vbhbL._AC_SL1500_.jpg https://m.media-amazon.com/images/I/71lQsOcP2xL._AC_SL1500_.jpg https://m.media-amazon.com/images/I/71jxl3+RA9L._AC_SL1500_.jpg https://m.media-amazon.com/images/I/71nNYa0sQ3L._AC_SL1500_.jpg https://m.media-amazon.com/images/I/71q8ttbVZwL._AC_SL1500_.jpg https://m.media-amazon.com/images/I/71JE+OK9bAL._AC_SL1500_.jpg https://m.media-amazon.com/images/I/71MeKma3Q2L._AC_SL1500_.jpg https://m.media-amazon.com/images/I/715-B5sts+L._AC_SL1500_.jpg https://m.media-amazon.com/images/I/71EdTzsISSL._AC_SL1500_.jpg https://m.media-amazon.com/images/I/71CfLJTyaZL._AC_SL1500_.jpg https://m.media-amazon.com/images/I/71fmSmYGiXL._AC_SL1500_.jpg https://m.media-amazon.com/images/I/71bTwbpkeYL._AC_SL1500_.jpg https://m.media-amazon.com/images/I/71-2HfA30uL._AC_SL1500_.jpg https://m.media-amazon.com/images/I/71S1UDGtv-L._AC_SL1500_.jpg https://m.media-amazon.com/images/I/71m-yv1sYfL._AC_SL1500_.jpg https://m.media-amazon.com/images/I/71y5x33+zCL._AC_SL1500_.jpg https://m.media-amazon.com/images/I/71wIGQleBbL._AC_SL1500_.jpg https://m.media-amazon.com/images/I/71xc0HYDD6L._AC_SL1500_.jpg https://m.media-amazon.com/images/I/71zi5XnwRIL._AC_SL1500_.jpg https://m.media-amazon.com/images/I/61wDC3m+TrL._AC_SL1500_.jpg https://m.media-amazon.com/images/I/71O2O3oc4TL._AC_SL1500_.jpg https://m.media-amazon.com/images/I/71c2Y2LSdKL._AC_SL1500_.jpg https://m.media-amazon.com/images/I/71ZdXndaUoL._AC_SL1500_.jpg https://m.media-amazon.com/images/I/71mQfRAc7bL._AC_SL1500_.jpg https://m.media-amazon.com/images/I/71DwWTE6RzL._AC_SL1500_.jpg https://m.media-amazon.com/images/I/71OK5UiDaOL._AC_SL1500_.jpg https://m.media-amazon.com/images/I/71aIvpjAvhL._AC_SL1500_.jpg https://m.media-amazon.com/images/I/714BSTpsH8L._AC_SL1500_.jpg https://m.media-amazon.com/images/I/71cBHGjgIUL._AC_SL1500_.jpg https://m.media-amazon.com/images/I/81NzTVJKAML._AC_SL1500_.jpg https://m.media-amazon.com/images/I/71yT8QwZfzL._AC_SL1500_.jpg https://m.media-amazon.com/images/I/71hD5oJmxeL._AC_SL1500_.jpg https://m.media-amazon.com/images/I/81cdGBy-oJL._AC_SL1500_.jpg https://m.media-amazon.com/images/I/81bkYITLqlL._AC_SL1500_.jpg https://m.media-amazon.com/images/I/71reXykhrUL._AC_SL1500_.jpg https://m.media-amazon.com/images/I/71lTdbMjY0L._AC_SL1500_.jpg https://m.media-amazon.com/images/I/71cYrxWohbL._AC_SL1500_.jpg https://m.media-amazon.com/images/I/71qxFJm1CnL._AC_SL1500_.jpg https://m.media-amazon.com/images/I/71bJJP2hy1L._AC_SL1500_.jpg https://m.media-amazon.com/images/I/71aPOXsR-HL._AC_SL1500_.jpg https://m.media-amazon.com/images/I/71A4k2rcf8L._AC_SL1500_.jpg https://m.media-amazon.com/images/I/71OgJzTkMsL._AC_SL1500_.jpg https://m.media-amazon.com/images/I/71mcfWoenFL._AC_SL1500_.jpg https://m.media-amazon.com/images/I/61U-F0avRmL._AC_SL1500_.jpg https://m.media-amazon.com/images/I/71GMsmd2bbL._AC_SL1500_.jpg https://m.media-amazon.com/images/I/717WRb23HqL._AC_SL1500_.jpg https://m.media-amazon.com/images/I/71Rqp-2AaSL._AC_SL1500_.jpg https://m.media-amazon.com/images/I/71MEs6l+5mL._AC_SL1500_.jpg https://m.media-amazon.com/images/I/71mOF14bARL._AC_SL1500_.jpg https://m.media-amazon.com/images/I/71wHWUOHVwL._AC_SL1500_.jpg https://m.media-amazon.com/images/I/71njG2nVGlL._AC_SL1500_.jpg https://m.media-amazon.com/images/I/71i9f3+f4cL._AC_SL1500_.jpg https://m.media-amazon.com/images/I/71VbS0L8GHL._AC_SL1500_.jpg https://m.media-amazon.com/images/I/71N2qVLx2eL._AC_SL1500_.jpg https://m.media-amazon.com/images/I/81nsfeQ4bGL._AC_SL1500_.jpg https://m.media-amazon.com/images/I/71It9eePnrL._AC_SL1500_.jpg https://m.media-amazon.com/images/I/71+2VCA7bRL._AC_SL1500_.jpg https://m.media-amazon.com/images/I/71Nvzn85iBL._AC_SL1500_.jpg https://m.media-amazon.com/images/I/71w3tD1fxdL._AC_SL1500_.jpg https://m.media-amazon.com/images/I/71Ns9GfAqlL._AC_SL1500_.jpg https://m.media-amazon.com/images/I/71Os5PrXW7L._AC_SL1500_.jpg https://m.media-amazon.com/images/I/71AaTsAuBVL._AC_SL1500_.jpg https://m.media-amazon.com/images/I/817d-hWXT-L._AC_SL1500_.jpg https://m.media-amazon.com/images/I/719sIqr70pL._AC_SL1500_.jpg https://m.media-amazon.com/images/I/8119FIiJ5bL._AC_SL1500_.jpg https://m.media-amazon.com/images/I/71qBNZ75-UL._AC_SL1500_.jpg https://m.media-amazon.com/images/I/71tmJc8lFQL._AC_SL1500_.jpg https://m.media-amazon.com/images/I/71EDrIe6IsL._AC_SL1500_.jpg https://m.media-amazon.com/images/I/710JCKOaASL._AC_SL1500_.jpg https://m.media-amazon.com/images/I/71CosZpQEvL._AC_SL1500_.jpg https://m.media-amazon.com/images/I/71QEGnTcqQL._AC_SL1500_.jpg https://m.media-amazon.com/images/I/81VG5rw6ZtL._AC_SL1500_.jpg https://m.media-amazon.com/images/I/71gKW2s6QIL._AC_SL1500_.jpg https://m.media-amazon.com/images/I/71efvCEV6ZL._AC_SL1500_.jpg https://m.media-amazon.com/images/I/71mKGeDOs5L._AC_SL1500_.jpg https://m.media-amazon.com/images/I/71uoWRn8S5L._AC_SL1500_.jpg https://m.media-amazon.com/images/I/71TZQ+faWeL._AC_SL1500_.jpg https://m.media-amazon.com/images/I/71SsD7jNC6L._AC_SL1500_.jpg https://m.media-amazon.com/images/I/81+-xXGk9pL._AC_SL1500_.jpg https://m.media-amazon.com/images/I/71Lu6QglnDL._AC_SL1500_.jpg https://m.media-amazon.com/images/I/71flLymK+eL._AC_SL1500_.jpg https://m.media-amazon.com/images/I/61i4xF40krL._AC_SL1500_.jpg https://m.media-amazon.com/images/I/71eFX4ISdpL._AC_SL1500_.jpg https://m.media-amazon.com/images/I/71wjNcVP+DL._AC_SL1500_.jpg https://m.media-amazon.com/images/I/71KylInlZgL._AC_SL1500_.jpg https://m.media-amazon.com/images/I/716MLwm+psL._AC_SL1500_.jpg https://m.media-amazon.com/images/I/71JEJtD7PDL._AC_SL1500_.jpg https://m.media-amazon.com/images/I/710am1Rh-RL._AC_SL1500_.jpg https://m.media-amazon.com/images/I/71zvKb8fJhL._AC_SL1500_.jpg https://m.media-amazon.com/images/I/71HrLzOt7XL._AC_SL1500_.jpg https://m.media-amazon.com/images/I/71iOahmHZSL._AC_SL1500_.jpg https://m.media-amazon.com/images/I/71zW6tmEC5L._AC_SL1500_.jpg https://m.media-amazon.com/images/I/717LH5d5lHL._AC_SL1500_.jpg https://m.media-amazon.com/images/I/71+sWFhE5uL._AC_SL1500_.jpg https://m.media-amazon.com/images/I/71A3Cae7jrL._AC_SL1500_.jpg https://m.media-amazon.com/images/I/712REORsT6L._AC_SL1500_.jpg https://m.media-amazon.com/images/I/717smh5-YDL._AC_SL1500_.jpg https://m.media-amazon.com/images/I/714hCacfjxL._AC_SL1500_.jpg https://m.media-amazon.com/images/I/61nPfk2r+XL._AC_SL1500_.jpg https://m.media-amazon.com/images/I/7119KUWmxEL._AC_SL1500_.jpg https://m.media-amazon.com/images/I/71dFYj6P6zL._AC_SL1500_.jpg https://m.media-amazon.com/images/I/71IZXbkwjcL._AC_SL1500_.jpg https://m.media-amazon.com/images/I/71XXY3+hGsL._AC_SL1500_.jpg https://m.media-amazon.com/images/I/71cU09QoDvL._AC_SL1500_.jpg https://m.media-amazon.com/images/I/71PtpZ8UKNL._AC_SL1500_.jpg https://m.media-amazon.com/images/I/71Fr5xv1V2L._AC_SL1500_.jpg https://m.media-amazon.com/images/I/71+qcDKm4iL._AC_SL1500_.jpg https://m.media-amazon.com/images/I/71k+XEOCqvL._AC_SL1500_.jpg https://m.media-amazon.com/images/I/712fprQgJTL._AC_SL1500_.jpg https://m.media-amazon.com/images/I/71HpTw7qg3L._AC_SL1500_.jpg https://m.media-amazon.com/images/I/71iUbigFgjL._AC_SL1500_.jpg https://m.media-amazon.com/images/I/71nPrUtYXJL._AC_SL1500_.jpg https://m.media-amazon.com/images/I/71MdHCVzDRL._AC_SL1500_.jpg https://m.media-amazon.com/images/I/71AOFMiTOxL._AC_SL1500_.jpg https://m.media-amazon.com/images/I/71GPfzIDPAL._AC_SL1500_.jpg https://m.media-amazon.com/images/I/71JhRLYhzpL._AC_SL1500_.jpg https://m.media-amazon.com/images/I/710uxvvZdZL._AC_SL1500_.jpg https://m.media-amazon.com/images/I/7110BLfYAGL._AC_SL1500_.jpg https://m.media-amazon.com/images/I/71Y7-ZBALnL._AC_SL1500_.jpg https://m.media-amazon.com/images/I/71Ptlt8HB5L._AC_SL1500_.jpg https://m.media-amazon.com/images/I/81El4l-RLKL._AC_SL1500_.jpg https://m.media-amazon.com/images/I/718vfGtFR6L._AC_SL1500_.jpg https://m.media-amazon.com/images/I/617qeVpJbgL._AC_SL1500_.jpg https://m.media-amazon.com/images/I/71Shza0deAL._AC_SL1500_.jpg https://m.media-amazon.com/images/I/81bjwsdj-PL._AC_SL1500_.jpg https://m.media-amazon.com/images/I/71nWE-io56L._AC_SL1500_.jpg https://m.media-amazon.com/images/I/71VzLkW8tLL._AC_SL1500_.jpg https://m.media-amazon.com/images/I/81DM92kgocL._AC_SL1500_.jpg https://m.media-amazon.com/images/I/71JdmuOqlUL._AC_SL1500_.jpg https://m.media-amazon.com/images/I/71JIfkQ0bsL._AC_SL1500_.jpg https://m.media-amazon.com/images/I/71CXOuljpRL._AC_SL1500_.jpg https://m.media-amazon.com/images/I/71hUk1IOnpL._AC_SL1500_.jpg https://m.media-amazon.com/images/I/71H6lC8vclL._AC_SL1500_.jpg https://m.media-amazon.com/images/I/71ve2Dac34L._AC_SL1500_.jpg https://m.media-amazon.com/images/I/71ELDX9UTQL._AC_SL1500_.jpg https://m.media-amazon.com/images/I/71W9eR94R9L._AC_SL1500_.jpg https://m.media-amazon.com/images/I/715oW6DFu7L._AC_SL1500_.jpg https://m.media-amazon.com/images/I/71FoY01HKuL._AC_SL1500_.jpg https://m.media-amazon.com/images/I/71wSMKJuSwL._AC_SL1500_.jpg https://m.media-amazon.com/images/I/61pw63gc47L._AC_SL1500_.jpg https://m.media-amazon.com/images/I/71rNzCXP4tL._AC_SL1500_.jpg https://m.media-amazon.com/images/I/718xYRPib0L._AC_SL1500_.jpg https://m.media-amazon.com/images/I/71jBHVE34oL._AC_SL1500_.jpg https://m.media-amazon.com/images/I/71wQI-ZAm5L._AC_SL1500_.jpg https://m.media-amazon.com/images/I/7106UXQHoeL._AC_SL1500_.jpg https://m.media-amazon.com/images/I/61Krwt+XAyL._AC_SL1500_.jpg https://m.media-amazon.com/images/I/71sHM9G43sL._AC_SL1500_.jpg https://m.media-amazon.com/images/I/716kfSqllhL._AC_SL1500_.jpg https://m.media-amazon.com/images/I/71QT+JJ651L._AC_SL1500_.jpg https://m.media-amazon.com/images/I/71T5kbCfITL._AC_SL1500_.jpg https://m.media-amazon.com/images/I/71b3qxzNG2L._AC_SL1500_.jpg https://m.media-amazon.com/images/I/71vo5fDANaL._AC_SL1500_.jpg https://m.media-amazon.com/images/I/71MEWpYHmSL._AC_SL1500_.jpg https://m.media-amazon.com/images/I/71mJto6zC5L._AC_SL1500_.jpg https://m.media-amazon.com/images/I/71JJkrT20nL._AC_SL1500_.jpg https://m.media-amazon.com/images/I/71ZlGAr7OCL._AC_SL1500_.jpg https://m.media-amazon.com/images/I/61Yr3LjCuUL._AC_SL1500_.jpg https://m.media-amazon.com/images/I/71wwsuVYZ1L._AC_SL1500_.jpg https://m.media-amazon.com/images/I/71PjF51FH3L._AC_SL1500_.jpg https://m.media-amazon.com/images/I/7165XZBKQ2L._AC_SL1500_.jpg https://m.media-amazon.com/images/I/71A4-WpygZL._AC_SL1500_.jpg https://m.media-amazon.com/images/I/71kekV48QaL._AC_SL1500_.jpg https://m.media-amazon.com/images/I/7154jHtag9L._AC_SL1500_.jpg https://m.media-amazon.com/images/I/71pRGPGXRoL._AC_SL1500_.jpg https://m.media-amazon.com/images/I/71KVVghOiEL._AC_SL1500_.jpg https://m.media-amazon.com/images/I/71KlxIU0OKL._AC_SL1500_.jpg https://m.media-amazon.com/images/I/71bwAD3tg2L._AC_SL1500_.jpg https://m.media-amazon.com/images/I/713LGUtn8mL._AC_SL1500_.jpg https://m.media-amazon.com/images/I/611yMVV8IBL._AC_SL1500_.jpg https://m.media-amazon.com/images/I/71jdZtapJVL._AC_SL1500_.jpg https://m.media-amazon.com/images/I/719d7yYnS0L._AC_SL1500_.jpg https://m.media-amazon.com/images/I/71YZakkuWLL._AC_SL1500_.jpg https://m.media-amazon.com/images/I/71mjzgvoQvL._AC_SL1500_.jpg https://m.media-amazon.com/images/I/71QlSZdZM8L._AC_SL1500_.jpg https://m.media-amazon.com/images/I/71J3wWLNqGL._AC_SL1500_.jpg https://m.media-amazon.com/images/I/71286X0abdL._AC_SL1500_.jpg https://m.media-amazon.com/images/I/71TR3oMuqZL._AC_SL1500_.jpg https://m.media-amazon.com/images/I/712W0p3W5bL._AC_SL1500_.jpg https://m.media-amazon.com/images/I/81rVki8KwfL._AC_SL1500_.jpg https://m.media-amazon.com/images/I/71IuCkFUnWL._AC_SL1500_.jpg https://m.media-amazon.com/images/I/811e8UboXAL._AC_SL1500_.jpg https://m.media-amazon.com/images/I/71MbK2dgY9L._AC_SL1500_.jpg https://m.media-amazon.com/images/I/71fNW1dRZyL._AC_SL1500_.jpg https://m.media-amazon.com/images/I/71QKHIf7SgL._AC_SL1500_.jpg https://m.media-amazon.com/images/I/71I3pPjYE0L._AC_SL1500_.jpg https://m.media-amazon.com/images/I/71uv6vIH9HL._AC_SL1500_.jpg https://m.media-amazon.com/images/I/71nsSut9T1L._AC_SL1500_.jpg https://m.media-amazon.com/images/I/81RvaXN7YZL._AC_SL1500_.jpg https://m.media-amazon.com/images/I/71c96n01JBL._AC_SL1500_.jpg https://m.media-amazon.com/images/I/713bHN7ydYL._AC_SL1500_.jpg https://m.media-amazon.com/images/I/71HnJXr9uJL._AC_SL1500_.jpg https://m.media-amazon.com/images/I/71tp1Cz-o8L._AC_SL1500_.jpg https://m.media-amazon.com/images/I/71rdMq8xDJL._AC_SL1500_.jpg https://m.media-amazon.com/images/I/71atnaKvdCL._AC_SL1500_.jpg https://m.media-amazon.com/images/I/71kjJg5sdlL._AC_SL1500_.jpg https://m.media-amazon.com/images/I/71px3ONMZ3L._AC_SL1500_.jpg https://m.media-amazon.com/images/I/71fwc30mhRL._AC_SL1500_.jpg https://m.media-amazon.com/images/I/71Cdn3EWI4L._AC_SL1500_.jpg https://m.media-amazon.com/images/I/71H+L-eYOcL._AC_SL1500_.jpg https://m.media-amazon.com/images/I/71QyxOV13lL._AC_SL1500_.jpg https://m.media-amazon.com/images/I/71CboXzgVzL._AC_SL1500_.jpg https://m.media-amazon.com/images/I/71Yn4-9AI6L._AC_SL1500_.jpg https://m.media-amazon.com/images/I/71yzQdyFWnL._AC_SL1500_.jpg https://m.media-amazon.com/images/I/71gaPfircaL._AC_SL1500_.jpg https://m.media-amazon.com/images/I/71Rq3DiytAL._AC_SL1500_.jpg https://m.media-amazon.com/images/I/71xP5f72glL._AC_SL1500_.jpg https://m.media-amazon.com/images/I/714QOnB7peL._AC_SL1500_.jpg https://m.media-amazon.com/images/I/71v-4JGbKAL._AC_SL1500_.jpg https://m.media-amazon.com/images/I/71Bm0CKgjSL._AC_SL1500_.jpg https://m.media-amazon.com/images/I/61HsH3EiaYL._AC_SL1500_.jpg https://m.media-amazon.com/images/I/71lTRT8jXQL._AC_SL1500_.jpg https://m.media-amazon.com/images/I/71qFKW-gLKL._AC_SL1500_.jpg https://m.media-amazon.com/images/I/71EPHJIPlDL._AC_SL1500_.jpg https://m.media-amazon.com/images/I/719jFsvq4PL._AC_SL1500_.jpg https://m.media-amazon.com/images/I/713h2G27lPL._AC_SL1500_.jpg https://m.media-amazon.com/images/I/71ad2QinhiL._AC_SL1500_.jpg https://m.media-amazon.com/images/I/716TSAMXEkL._AC_SL1500_.jpg https://m.media-amazon.com/images/I/612GgXsag5L._AC_SL1500_.jpg https://m.media-amazon.com/images/I/71fa2KUzTmL._AC_SL1500_.jpg https://m.media-amazon.com/images/I/71q9xhDO-bL._AC_SL1500_.jpg https://m.media-amazon.com/images/I/71SsO2mVlsL._AC_SL1500_.jpg https://m.media-amazon.com/images/I/71xgkVfV-kL._AC_SL1500_.jpg https://m.media-amazon.com/images/I/71PHqBiVzqL._AC_SL1500_.jpg https://m.media-amazon.com/images/I/71tAG796DnL._AC_SL1500_.jpg https://m.media-amazon.com/images/I/71ilV15ZpLL._AC_SL1500_.jpg https://m.media-amazon.com/images/I/71DCEoW8W0L._AC_SL1500_.jpg https://m.media-amazon.com/images/I/71RH9A8G4iL._AC_SL1500_.jpg https://m.media-amazon.com/images/I/71waURQT0qL._AC_SL1500_.jpg https://m.media-amazon.com/images/I/71q4Lomzm6L._AC_SL1500_.jpg https://m.media-amazon.com/images/I/71l00Cts0eL._AC_SL1500_.jpg https://m.media-amazon.com/images/I/71p488sXKtL._AC_SL1500_.jpg https://m.media-amazon.com/images/I/71G3xpo2V8L._AC_SL1500_.jpg https://m.media-amazon.com/images/I/717aFZQlFAL._AC_SL1500_.jpg https://m.media-amazon.com/images/I/71bFhRh+mKL._AC_SL1500_.jpg https://m.media-amazon.com/images/I/713yYQIsRYL._AC_SL1500_.jpg https://m.media-amazon.com/images/I/71-fSwUIo0L._AC_SL1500_.jpg https://m.media-amazon.com/images/I/71ABM6ybKoL._AC_SL1500_.jpg https://m.media-amazon.com/images/I/712ciFvwnLL._AC_SL1500_.jpg https://m.media-amazon.com/images/I/71BJVVgwInL._AC_SL1500_.jpg https://m.media-amazon.com/images/I/71e5Jb3otmL._AC_SL1500_.jpg https://m.media-amazon.com/images/I/71JUXeiPxCL._AC_SL1500_.jpg https://m.media-amazon.com/images/I/71JFIaV+-iL._AC_SL1500_.jpg,‎8.9 x 5.27 x 2.56 inches,‎3.31 pounds,$17.89,0,Automotive›Replacement Parts›Brake System›Brake Pads,4.6,"2,934 ratings",400+ bought,‎Bendix,#222 in Automotive (See Top 100 in Automotive)#2 inAutomotive Replacement Brake Pads,"August 16, 2016"
